Office,Parish,Ward,Precinct,"Ben Gibson (REP)","Kenny Houston (DEM)","""Mike"" Johnson (REP)","Ryan Trundle (DEM)"
"U. S. Representative -- 4th Congressional District","Allen","01","01","11","34","74","7"
"U. S. Representative -- 4th Congressional District","Allen","01","02","11","14","67","13"
"U. S. Representative -- 4th Congressional District","Allen","01","03","15","27","73","6"
"U. S. Representative -- 4th Congressional District","Allen","01","04","7","59","13","19"
"U. S. Representative -- 4th Congressional District","Allen","01","05","5","16","26","3"
"U. S. Representative -- 4th Congressional District","Allen","01","06","11","22","105","10"
"U. S. Representative -- 4th Congressional District","Allen","02","01","17","32","130","18"
"U. S. Representative -- 4th Congressional District","Allen","02","02","29","12","274","11"
"U. S. Representative -- 4th Congressional District","Allen","02","02A","22","25","100","15"
"U. S. Representative -- 4th Congressional District","Allen","02","03","31","6","224","4"
"U. S. Representative -- 4th Congressional District","Allen","02","04-C","33","32","177","13"
"U. S. Representative -- 4th Congressional District","Allen","02","04-O","24","43","210","27"
"U. S. Representative -- 4th Congressional District","Allen","02","05","7","50","7","20"
"U. S. Representative -- 4th Congressional District","Allen","02","06","21","10","173","3"
"U. S. Representative -- 4th Congressional District","Allen","03","01","32","7","185","1"
"U. S. Representative -- 4th Congressional District","Allen","03","02","64","38","397","9"
"U. S. Representative -- 4th Congressional District","Allen","04","02","27","7","220","1"
"U. S. Representative -- 4th Congressional District","Allen","04","03","39","8","212","5"
"U. S. Representative -- 4th Congressional District","Allen","05","02","73","12","316","6"
"U. S. Representative -- 4th Congressional District","Allen","05","03","24","22","183","5"
"U. S. Representative -- 4th Congressional District","Allen","05","04-C","35","44","273","16"
"U. S. Representative -- 4th Congressional District","Allen","05","04-O","18","13","188","3"
"U. S. Representative -- 4th Congressional District","Allen","05","05","17","3","145","1"
"U. S. Representative -- 4th Congressional District","Allen","05","07","11","174","42","31"
"U. S. Representative -- 4th Congressional District","Allen","05","08A","3","9","17","0"
"U. S. Representative -- 4th Congressional District","Allen","05","09","32","91","250","12"
"U. S. Representative -- 4th Congressional District","Allen","05","10","32","14","318","4"
"U. S. Representative -- 4th Congressional District","Allen","05","12","5","27","20","6"
"U. S. Representative -- 4th Congressional District","Allen","05","13","0","0","0","0"
"U. S. Representative -- 4th Congressional District","Allen","Early Voting","","243","519","1946","192"
"U. S. Representative -- 4th Congressional District","Allen","Provisional Votes","","0","0","0","0"
"U. S. Representative -- 4th Congressional District","Beauregard","00","01","39","5","190","1"
"U. S. Representative -- 4th Congressional District","Beauregard","00","02","3","7","30","1"
"U. S. Representative -- 4th Congressional District","Beauregard","00","03","24","8","126","9"
"U. S. Representative -- 4th Congressional District","Beauregard","00","04","45","29","189","16"
"U. S. Representative -- 4th Congressional District","Beauregard","00","05","40","7","271","12"
"U. S. Representative -- 4th Congressional District","Beauregard","00","06","18","7","143","6"
"U. S. Representative -- 4th Congressional District","Beauregard","00","07","36","12","235","6"
"U. S. Representative -- 4th Congressional District","Beauregard","00","09","50","8","245","15"
"U. S. Representative -- 4th Congressional District","Beauregard","00","10","60","13","239","9"
"U. S. Representative -- 4th Congressional District","Beauregard","00","11","73","15","353","3"
"U. S. Representative -- 4th Congressional District","Beauregard","00","12","139","18","552","19"
"U. S. Representative -- 4th Congressional District","Beauregard","00","12A","39","6","166","5"
"U. S. Representative -- 4th Congressional District","Beauregard","00","12B","64","8","295","3"
"U. S. Representative -- 4th Congressional District","Beauregard","00","13","43","3","170","0"
"U. S. Representative -- 4th Congressional District","Beauregard","00","13A","26","3","113","5"
"U. S. Representative -- 4th Congressional District","Beauregard","00","14","38","9","211","8"
"U. S. Representative -- 4th Congressional District","Beauregard","00","14A","39","4","155","3"
"U. S. Representative -- 4th Congressional District","Beauregard","00","15","28","5","143","1"
"U. S. Representative -- 4th Congressional District","Beauregard","00","16","34","19","226","7"
"U. S. Representative -- 4th Congressional District","Beauregard","00","16A","19","15","77","4"
"U. S. Representative -- 4th Congressional District","Beauregard","00","16B","12","8","145","2"
"U. S. Representative -- 4th Congressional District","Beauregard","00","17","12","6","201","4"
"U. S. Representative -- 4th Congressional District","Beauregard","00","17A","17","2","171","2"
"U. S. Representative -- 4th Congressional District","Beauregard","00","18","5","4","81","0"
"U. S. Representative -- 4th Congressional District","Beauregard","00","18A","1","0","23","0"
"U. S. Representative -- 4th Congressional District","Beauregard","00","19","16","0","112","4"
"U. S. Representative -- 4th Congressional District","Beauregard","00","19C","23","4","153","2"
"U. S. Representative -- 4th Congressional District","Beauregard","00","20","49","18","408","2"
"U. S. Representative -- 4th Congressional District","Beauregard","00","21","33","12","150","7"
"U. S. Representative -- 4th Congressional District","Beauregard","00","22","56","8","291","6"
"U. S. Representative -- 4th Congressional District","Beauregard","00","25","37","35","189","14"
"U. S. Representative -- 4th Congressional District","Beauregard","00","25A","8","17","40","3"
"U. S. Representative -- 4th Congressional District","Beauregard","00","25B","12","24","64","6"
"U. S. Representative -- 4th Congressional District","Beauregard","00","26","15","66","52","22"
"U. S. Representative -- 4th Congressional District","Beauregard","00","27","12","13","101","5"
"U. S. Representative -- 4th Congressional District","Beauregard","00","27A","14","5","160","4"
"U. S. Representative -- 4th Congressional District","Beauregard","00","27B","9","16","89","5"
"U. S. Representative -- 4th Congressional District","Beauregard","00","27D","14","1","58","0"
"U. S. Representative -- 4th Congressional District","Beauregard","00","28","6","87","34","30"
"U. S. Representative -- 4th Congressional District","Beauregard","00","30","12","12","110","8"
"U. S. Representative -- 4th Congressional District","Beauregard","Early Voting","","580","927","4504","457"
"U. S. Representative -- 4th Congressional District","Beauregard","Provisional Votes","","0","0","0","0"
"U. S. Representative -- 4th Congressional District","Bienville","01","01","12","28","36","3"
"U. S. Representative -- 4th Congressional District","Bienville","01","02","12","59","82","15"
"U. S. Representative -- 4th Congressional District","Bienville","01","03","8","19","41","6"
"U. S. Representative -- 4th Congressional District","Bienville","01","04","2","2","29","1"
"U. S. Representative -- 4th Congressional District","Bienville","02","01","13","83","9","16"
"U. S. Representative -- 4th Congressional District","Bienville","02","02","5","40","49","6"
"U. S. Representative -- 4th Congressional District","Bienville","02","03","0","0","0","0"
"U. S. Representative -- 4th Congressional District","Bienville","02","04","0","3","2","2"
"U. S. Representative -- 4th Congressional District","Bienville","02","05","2","6","3","0"
"U. S. Representative -- 4th Congressional District","Bienville","02","06","0","0","1","0"
"U. S. Representative -- 4th Congressional District","Bienville","03","01","5","58","25","30"
"U. S. Representative -- 4th Congressional District","Bienville","03","02","3","67","56","25"
"U. S. Representative -- 4th Congressional District","Bienville","03","03","4","30","65","11"
"U. S. Representative -- 4th Congressional District","Bienville","03","04","1","13","13","5"
"U. S. Representative -- 4th Congressional District","Bienville","03","05","4","2","31","2"
"U. S. Representative -- 4th Congressional District","Bienville","03","06","1","2","15","1"
"U. S. Representative -- 4th Congressional District","Bienville","03","07","0","4","0","1"
"U. S. Representative -- 4th Congressional District","Bienville","04","01","14","85","111","29"
"U. S. Representative -- 4th Congressional District","Bienville","04","02","0","1","38","0"
"U. S. Representative -- 4th Congressional District","Bienville","04","04","28","35","239","18"
"U. S. Representative -- 4th Congressional District","Bienville","05","01","7","88","105","22"
"U. S. Representative -- 4th Congressional District","Bienville","05","02","23","26","172","12"
"U. S. Representative -- 4th Congressional District","Bienville","05","03","10","6","104","3"
"U. S. Representative -- 4th Congressional District","Bienville","05","04","5","0","90","1"
"U. S. Representative -- 4th Congressional District","Bienville","06","01","9","6","144","4"
"U. S. Representative -- 4th Congressional District","Bienville","06","02","18","2","174","6"
"U. S. Representative -- 4th Congressional District","Bienville","06","03","23","30","230","18"
"U. S. Representative -- 4th Congressional District","Bienville","06","04","10","8","140","10"
"U. S. Representative -- 4th Congressional District","Bienville","07","01","6","25","60","9"
"U. S. Representative -- 4th Congressional District","Bienville","07","02","4","28","59","12"
"U. S. Representative -- 4th Congressional District","Bienville","07","03","15","34","73","11"
"U. S. Representative -- 4th Congressional District","Bienville","07","04","14","95","137","23"
"U. S. Representative -- 4th Congressional District","Bienville","07","05","13","8","70","7"
"U. S. Representative -- 4th Congressional District","Bienville","Early Voting","","95","1101","1182","320"
"U. S. Representative -- 4th Congressional District","Bienville","Provisional Votes","","0","1","0","0"
"U. S. Representative -- 4th Congressional District","Bossier","01","01","36","62","192","24"
"U. S. Representative -- 4th Congressional District","Bossier","01","02","41","57","245","31"
"U. S. Representative -- 4th Congressional District","Bossier","01","03","36","52","210","29"
"U. S. Representative -- 4th Congressional District","Bossier","01","03A","39","76","220","22"
"U. S. Representative -- 4th Congressional District","Bossier","01","03B","21","33","124","16"
"U. S. Representative -- 4th Congressional District","Bossier","01","04","52","72","376","46"
"U. S. Representative -- 4th Congressional District","Bossier","01","05","16","33","206","19"
"U. S. Representative -- 4th Congressional District","Bossier","02","01","35","93","226","33"
"U. S. Representative -- 4th Congressional District","Bossier","02","02","14","27","239","16"
"U. S. Representative -- 4th Congressional District","Bossier","02","03","16","61","137","15"
"U. S. Representative -- 4th Congressional District","Bossier","02","03A","15","116","131","32"
"U. S. Representative -- 4th Congressional District","Bossier","02","04 -1","24","36","154","11"
"U. S. Representative -- 4th Congressional District","Bossier","02","04 -2","14","20","176","10"
"U. S. Representative -- 4th Congressional District","Bossier","02","05A","5","27","30","6"
"U. S. Representative -- 4th Congressional District","Bossier","02","06","19","88","54","19"
"U. S. Representative -- 4th Congressional District","Bossier","02","07","19","31","165","23"
"U. S. Representative -- 4th Congressional District","Bossier","02","08","2","114","19","21"
"U. S. Representative -- 4th Congressional District","Bossier","02","09","16","73","152","45"
"U. S. Representative -- 4th Congressional District","Bossier","02","10","8","27","142","12"
"U. S. Representative -- 4th Congressional District","Bossier","02","11","11","22","43","13"
"U. S. Representative -- 4th Congressional District","Bossier","02","11A","2","49","45","17"
"U. S. Representative -- 4th Congressional District","Bossier","02","12A","10","26","48","11"
"U. S. Representative -- 4th Congressional District","Bossier","02","12B","1","47","51","12"
"U. S. Representative -- 4th Congressional District","Bossier","02","12C","11","120","88","28"
"U. S. Representative -- 4th Congressional District","Bossier","02","13","18","105","111","33"
"U. S. Representative -- 4th Congressional District","Bossier","02","14","24","53","107","28"
"U. S. Representative -- 4th Congressional District","Bossier","02","15","30","102","57","23"
"U. S. Representative -- 4th Congressional District","Bossier","02","16","29","131","173","31"
"U. S. Representative -- 4th Congressional District","Bossier","02","16A","1","7","9","1"
"U. S. Representative -- 4th Congressional District","Bossier","02","17A","7","44","58","17"
"U. S. Representative -- 4th Congressional District","Bossier","02","17B","11","98","112","23"
"U. S. Representative -- 4th Congressional District","Bossier","02","18B","19","25","298","14"
"U. S. Representative -- 4th Congressional District","Bossier","02","18C","29","43","329","19"
"U. S. Representative -- 4th Congressional District","Bossier","02","18D","12","19","176","14"
"U. S. Representative -- 4th Congressional District","Bossier","02","18E -1","40","63","455","19"
"U. S. Representative -- 4th Congressional District","Bossier","02","18E -2","49","47","346","16"
"U. S. Representative -- 4th Congressional District","Bossier","02","18F","15","17","217","9"
"U. S. Representative -- 4th Congressional District","Bossier","02","19","14","142","83","52"
"U. S. Representative -- 4th Congressional District","Bossier","02","20","26","45","145","26"
"U. S. Representative -- 4th Congressional District","Bossier","02","21A","36","47","282","35"
"U. S. Representative -- 4th Congressional District","Bossier","02","21B","19","24","330","9"
"U. S. Representative -- 4th Congressional District","Bossier","02","21C -1","28","31","313","12"
"U. S. Representative -- 4th Congressional District","Bossier","02","21C -2","10","16","236","9"
"U. S. Representative -- 4th Congressional District","Bossier","02","21D -1","21","56","290","23"
"U. S. Representative -- 4th Congressional District","Bossier","02","21D -2","21","50","272","21"
"U. S. Representative -- 4th Congressional District","Bossier","02","22A -1","24","23","310","13"
"U. S. Representative -- 4th Congressional District","Bossier","02","22A -2","10","11","258","5"
"U. S. Representative -- 4th Congressional District","Bossier","02","22B","16","8","220","5"
"U. S. Representative -- 4th Congressional District","Bossier","02","22C","6","5","168","2"
"U. S. Representative -- 4th Congressional District","Bossier","02","23","20","18","46","10"
"U. S. Representative -- 4th Congressional District","Bossier","03","01","12","38","144","34"
"U. S. Representative -- 4th Congressional District","Bossier","03","02","15","31","217","22"
"U. S. Representative -- 4th Congressional District","Bossier","03","03","7","15","183","5"
"U. S. Representative -- 4th Congressional District","Bossier","03","04","20","110","197","45"
"U. S. Representative -- 4th Congressional District","Bossier","04","01A","25","31","355","14"
"U. S. Representative -- 4th Congressional District","Bossier","04","02","30","28","582","16"
"U. S. Representative -- 4th Congressional District","Bossier","04","03A","27","108","370","31"
"U. S. Representative -- 4th Congressional District","Bossier","04","03B","25","25","163","16"
"U. S. Representative -- 4th Congressional District","Bossier","04","03C","6","12","107","6"
"U. S. Representative -- 4th Congressional District","Bossier","04","03D","25","51","320","9"
"U. S. Representative -- 4th Congressional District","Bossier","04","04A -1","22","38","266","22"
"U. S. Representative -- 4th Congressional District","Bossier","04","04A -2","21","44","252","8"
"U. S. Representative -- 4th Congressional District","Bossier","04","04B -1","22","34","382","18"
"U. S. Representative -- 4th Congressional District","Bossier","04","04B -2","25","18","322","17"
"U. S. Representative -- 4th Congressional District","Bossier","04","05A","20","35","232","15"
"U. S. Representative -- 4th Congressional District","Bossier","04","06 -1","48","50","385","21"
"U. S. Representative -- 4th Congressional District","Bossier","04","06 -2","31","78","432","32"
"U. S. Representative -- 4th Congressional District","Bossier","04","07 -1","43","55","366","21"
"U. S. Representative -- 4th Congressional District","Bossier","04","07 -2","32","45","279","19"
"U. S. Representative -- 4th Congressional District","Bossier","04","08A","52","82","391","30"
"U. S. Representative -- 4th Congressional District","Bossier","04","08B -1","28","40","306","19"
"U. S. Representative -- 4th Congressional District","Bossier","04","08B -2","32","41","224","9"
"U. S. Representative -- 4th Congressional District","Bossier","04","08C","19","73","60","17"
"U. S. Representative -- 4th Congressional District","Bossier","04","08D","7","32","45","11"
"U. S. Representative -- 4th Congressional District","Bossier","04","08E","20","18","216","7"
"U. S. Representative -- 4th Congressional District","Bossier","04","08F","0","0","2","0"
"U. S. Representative -- 4th Congressional District","Bossier","04","09","43","42","499","13"
"U. S. Representative -- 4th Congressional District","Bossier","04","10 -1","33","39","256","16"
"U. S. Representative -- 4th Congressional District","Bossier","04","10 -2","31","31","192","20"
"U. S. Representative -- 4th Congressional District","Bossier","04","11A","22","27","271","13"
"U. S. Representative -- 4th Congressional District","Bossier","04","11B","61","90","410","26"
"U. S. Representative -- 4th Congressional District","Bossier","04","11C","20","43","212","14"
"U. S. Representative -- 4th Congressional District","Bossier","Early Voting","","1270","5023","18581","2298"
"U. S. Representative -- 4th Congressional District","Bossier","Provisional Votes","","2","3","6","1"
"U. S. Representative -- 4th Congressional District","Caddo","00","001","3","88","5","16"
"U. S. Representative -- 4th Congressional District","Caddo","00","002","24","195","282","61"
"U. S. Representative -- 4th Congressional District","Caddo","00","003","7","216","13","54"
"U. S. Representative -- 4th Congressional District","Caddo","00","004","18","390","85","86"
"U. S. Representative -- 4th Congressional District","Caddo","00","005 A","14","302","65","62"
"U. S. Representative -- 4th Congressional District","Caddo","00","005 B","21","316","47","62"
"U. S. Representative -- 4th Congressional District","Caddo","00","006","2","49","22","13"
"U. S. Representative -- 4th Congressional District","Caddo","00","007","22","141","85","54"
"U. S. Representative -- 4th Congressional District","Caddo","00","008","34","193","246","85"
"U. S. Representative -- 4th Congressional District","Caddo","00","009","23","34","252","50"
"U. S. Representative -- 4th Congressional District","Caddo","00","010","26","48","354","66"
"U. S. Representative -- 4th Congressional District","Caddo","00","011","41","68","527","50"
"U. S. Representative -- 4th Congressional District","Caddo","00","012","25","66","380","63"
"U. S. Representative -- 4th Congressional District","Caddo","00","013","54","87","645","127"
"U. S. Representative -- 4th Congressional District","Caddo","00","014","29","99","205","76"
"U. S. Representative -- 4th Congressional District","Caddo","00","015","34","157","188","108"
"U. S. Representative -- 4th Congressional District","Caddo","00","016","36","68","451","82"
"U. S. Representative -- 4th Congressional District","Caddo","00","017","22","124","167","80"
"U. S. Representative -- 4th Congressional District","Caddo","00","020","43","47","281","95"
"U. S. Representative -- 4th Congressional District","Caddo","00","021","19","41","343","57"
"U. S. Representative -- 4th Congressional District","Caddo","00","022","31","67","461","63"
"U. S. Representative -- 4th Congressional District","Caddo","00","023","10","206","38","46"
"U. S. Representative -- 4th Congressional District","Caddo","00","024","27","76","298","69"
"U. S. Representative -- 4th Congressional District","Caddo","00","025","22","368","60","97"
"U. S. Representative -- 4th Congressional District","Caddo","00","026","18","48","213","66"
"U. S. Representative -- 4th Congressional District","Caddo","00","027","35","80","217","71"
"U. S. Representative -- 4th Congressional District","Caddo","00","028","0","13","14","8"
"U. S. Representative -- 4th Congressional District","Caddo","00","029","2","181","22","47"
"U. S. Representative -- 4th Congressional District","Caddo","00","030","25","402","64","77"
"U. S. Representative -- 4th Congressional District","Caddo","00","031","16","216","40","42"
"U. S. Representative -- 4th Congressional District","Caddo","00","032","11","165","35","42"
"U. S. Representative -- 4th Congressional District","Caddo","00","034","18","350","48","69"
"U. S. Representative -- 4th Congressional District","Caddo","00","035","8","222","41","43"
"U. S. Representative -- 4th Congressional District","Caddo","00","036","24","328","74","71"
"U. S. Representative -- 4th Congressional District","Caddo","00","037","8","208","26","53"
"U. S. Representative -- 4th Congressional District","Caddo","00","038","7","287","25","70"
"U. S. Representative -- 4th Congressional District","Caddo","00","039","7","144","5","32"
"U. S. Representative -- 4th Congressional District","Caddo","00","040","2","133","14","30"
"U. S. Representative -- 4th Congressional District","Caddo","00","041","2","130","14","24"
"U. S. Representative -- 4th Congressional District","Caddo","00","043","11","175","19","38"
"U. S. Representative -- 4th Congressional District","Caddo","00","044","12","181","22","42"
"U. S. Representative -- 4th Congressional District","Caddo","00","045","12","303","57","59"
"U. S. Representative -- 4th Congressional District","Caddo","00","046","11","241","40","53"
"U. S. Representative -- 4th Congressional District","Caddo","00","047","25","217","252","65"
"U. S. Representative -- 4th Congressional District","Caddo","00","048","30","46","372","39"
"U. S. Representative -- 4th Congressional District","Caddo","00","049 A","19","65","311","53"
"U. S. Representative -- 4th Congressional District","Caddo","00","049 B","22","72","273","47"
"U. S. Representative -- 4th Congressional District","Caddo","00","050","9","300","18","53"
"U. S. Representative -- 4th Congressional District","Caddo","00","051","12","381","38","68"
"U. S. Representative -- 4th Congressional District","Caddo","00","052","10","337","35","56"
"U. S. Representative -- 4th Congressional District","Caddo","00","053","11","257","43","45"
"U. S. Representative -- 4th Congressional District","Caddo","00","054","11","298","28","41"
"U. S. Representative -- 4th Congressional District","Caddo","00","055","9","142","89","34"
"U. S. Representative -- 4th Congressional District","Caddo","00","056","29","121","548","69"
"U. S. Representative -- 4th Congressional District","Caddo","00","057","6","223","34","44"
"U. S. Representative -- 4th Congressional District","Caddo","00","058","15","262","37","55"
"U. S. Representative -- 4th Congressional District","Caddo","00","059","9","303","29","58"
"U. S. Representative -- 4th Congressional District","Caddo","00","060","11","227","25","39"
"U. S. Representative -- 4th Congressional District","Caddo","00","061","9","238","20","37"
"U. S. Representative -- 4th Congressional District","Caddo","00","062","21","380","106","76"
"U. S. Representative -- 4th Congressional District","Caddo","00","063","17","157","117","27"
"U. S. Representative -- 4th Congressional District","Caddo","00","064","11","187","44","48"
"U. S. Representative -- 4th Congressional District","Caddo","00","065","17","175","146","36"
"U. S. Representative -- 4th Congressional District","Caddo","00","066","68","140","688","38"
"U. S. Representative -- 4th Congressional District","Caddo","00","067","4","137","11","30"
"U. S. Representative -- 4th Congressional District","Caddo","00","068","22","124","333","42"
"U. S. Representative -- 4th Congressional District","Caddo","00","069","23","255","182","62"
"U. S. Representative -- 4th Congressional District","Caddo","00","070","13","445","84","88"
"U. S. Representative -- 4th Congressional District","Caddo","00","071","10","176","13","38"
"U. S. Representative -- 4th Congressional District","Caddo","00","072","28","123","275","58"
"U. S. Representative -- 4th Congressional District","Caddo","00","073","12","439","41","109"
"U. S. Representative -- 4th Congressional District","Caddo","00","074","9","75","5","14"
"U. S. Representative -- 4th Congressional District","Caddo","00","075","40","76","536","63"
"U. S. Representative -- 4th Congressional District","Caddo","00","076","19","87","319","58"
"U. S. Representative -- 4th Congressional District","Caddo","00","077","46","103","498","51"
"U. S. Representative -- 4th Congressional District","Caddo","00","078","12","150","44","31"
"U. S. Representative -- 4th Congressional District","Caddo","00","079","19","197","115","43"
"U. S. Representative -- 4th Congressional District","Caddo","00","080","13","194","16","35"
"U. S. Representative -- 4th Congressional District","Caddo","00","081","22","373","99","85"
"U. S. Representative -- 4th Congressional District","Caddo","00","082","31","154","274","55"
"U. S. Representative -- 4th Congressional District","Caddo","00","083","29","208","213","56"
"U. S. Representative -- 4th Congressional District","Caddo","00","084","23","405","140","63"
"U. S. Representative -- 4th Congressional District","Caddo","00","085","29","233","224","35"
"U. S. Representative -- 4th Congressional District","Caddo","00","086","13","301","32","46"
"U. S. Representative -- 4th Congressional District","Caddo","00","087","20","374","171","66"
"U. S. Representative -- 4th Congressional District","Caddo","00","088","33","179","416","40"
"U. S. Representative -- 4th Congressional District","Caddo","00","089","32","170","330","37"
"U. S. Representative -- 4th Congressional District","Caddo","00","090 A","15","203","159","50"
"U. S. Representative -- 4th Congressional District","Caddo","00","090 B","19","180","198","34"
"U. S. Representative -- 4th Congressional District","Caddo","00","091 A","23","181","221","59"
"U. S. Representative -- 4th Congressional District","Caddo","00","091 B","20","165","233","41"
"U. S. Representative -- 4th Congressional District","Caddo","00","092","33","178","345","59"
"U. S. Representative -- 4th Congressional District","Caddo","00","093","34","180","311","64"
"U. S. Representative -- 4th Congressional District","Caddo","00","094","41","241","271","56"
"U. S. Representative -- 4th Congressional District","Caddo","00","095","27","189","453","56"
"U. S. Representative -- 4th Congressional District","Caddo","00","097","19","58","206","24"
"U. S. Representative -- 4th Congressional District","Caddo","00","098","15","73","121","27"
"U. S. Representative -- 4th Congressional District","Caddo","00","099","6","105","27","36"
"U. S. Representative -- 4th Congressional District","Caddo","00","100","19","370","96","52"
"U. S. Representative -- 4th Congressional District","Caddo","00","101","27","160","340","72"
"U. S. Representative -- 4th Congressional District","Caddo","00","102","27","86","322","36"
"U. S. Representative -- 4th Congressional District","Caddo","00","103","23","185","375","53"
"U. S. Representative -- 4th Congressional District","Caddo","00","104","37","46","799","47"
"U. S. Representative -- 4th Congressional District","Caddo","00","105","24","62","374","18"
"U. S. Representative -- 4th Congressional District","Caddo","00","106","32","279","245","70"
"U. S. Representative -- 4th Congressional District","Caddo","00","107","38","117","224","32"
"U. S. Representative -- 4th Congressional District","Caddo","00","108","11","19","290","15"
"U. S. Representative -- 4th Congressional District","Caddo","00","109","30","94","878","54"
"U. S. Representative -- 4th Congressional District","Caddo","00","110","49","61","670","30"
"U. S. Representative -- 4th Congressional District","Caddo","00","111","8","163","12","29"
"U. S. Representative -- 4th Congressional District","Caddo","00","112","21","89","287","40"
"U. S. Representative -- 4th Congressional District","Caddo","00","113","29","104","340","49"
"U. S. Representative -- 4th Congressional District","Caddo","00","114","7","223","69","32"
"U. S. Representative -- 4th Congressional District","Caddo","00","115","24","51","844","59"
"U. S. Representative -- 4th Congressional District","Caddo","00","122 A","6","271","90","30"
"U. S. Representative -- 4th Congressional District","Caddo","00","122 B","11","258","84","31"
"U. S. Representative -- 4th Congressional District","Caddo","00","123","40","88","514","28"
"U. S. Representative -- 4th Congressional District","Caddo","00","125","43","171","445","44"
"U. S. Representative -- 4th Congressional District","Caddo","00","126","17","36","332","25"
"U. S. Representative -- 4th Congressional District","Caddo","00","127","13","22","228","10"
"U. S. Representative -- 4th Congressional District","Caddo","00","128","39","69","925","43"
"U. S. Representative -- 4th Congressional District","Caddo","00","129","51","235","398","100"
"U. S. Representative -- 4th Congressional District","Caddo","00","132","53","81","729","44"
"U. S. Representative -- 4th Congressional District","Caddo","00","133","33","72","330","29"
"U. S. Representative -- 4th Congressional District","Caddo","00","134","14","39","145","8"
"U. S. Representative -- 4th Congressional District","Caddo","00","135","42","112","517","48"
"U. S. Representative -- 4th Congressional District","Caddo","00","136 A","45","61","621","17"
"U. S. Representative -- 4th Congressional District","Caddo","00","136 B","46","45","608","18"
"U. S. Representative -- 4th Congressional District","Caddo","00","137","67","131","465","41"
"U. S. Representative -- 4th Congressional District","Caddo","00","138","7","14","157","4"
"U. S. Representative -- 4th Congressional District","Caddo","00","139","48","43","671","18"
"U. S. Representative -- 4th Congressional District","Caddo","00","140","6","36","187","10"
"U. S. Representative -- 4th Congressional District","Caddo","00","142","26","17","352","8"
"U. S. Representative -- 4th Congressional District","Caddo","00","143","63","90","676","36"
"U. S. Representative -- 4th Congressional District","Caddo","00","144","23","180","362","55"
"U. S. Representative -- 4th Congressional District","Caddo","00","145","4","10","25","1"
"U. S. Representative -- 4th Congressional District","Caddo","00","146","7","21","227","10"
"U. S. Representative -- 4th Congressional District","Caddo","00","149","10","46","176","17"
"U. S. Representative -- 4th Congressional District","Caddo","00","151","12","18","121","6"
"U. S. Representative -- 4th Congressional District","Caddo","00","154","2","10","52","2"
"U. S. Representative -- 4th Congressional District","Caddo","00","155","4","15","97","5"
"U. S. Representative -- 4th Congressional District","Caddo","00","156","11","78","140","21"
"U. S. Representative -- 4th Congressional District","Caddo","00","157","24","24","200","13"
"U. S. Representative -- 4th Congressional District","Caddo","00","158","64","108","897","44"
"U. S. Representative -- 4th Congressional District","Caddo","00","159","69","208","549","41"
"U. S. Representative -- 4th Congressional District","Caddo","00","160","25","20","294","10"
"U. S. Representative -- 4th Congressional District","Caddo","00","161","27","14","291","8"
"U. S. Representative -- 4th Congressional District","Caddo","00","162","31","31","537","30"
"U. S. Representative -- 4th Congressional District","Caddo","00","163","22","117","280","14"
"U. S. Representative -- 4th Congressional District","Caddo","00","165","19","63","204","19"
"U. S. Representative -- 4th Congressional District","Caddo","00","166","30","48","324","16"
"U. S. Representative -- 4th Congressional District","Caddo","Early Voting","","745","12570","11162","4181"
"U. S. Representative -- 4th Congressional District","Caddo","Provisional Votes","","18","78","79","20"
"U. S. Representative -- 4th Congressional District","Claiborne","00","01","14","64","205","6"
"U. S. Representative -- 4th Congressional District","Claiborne","00","03","10","12","90","2"
"U. S. Representative -- 4th Congressional District","Claiborne","00","05","10","48","124","11"
"U. S. Representative -- 4th Congressional District","Claiborne","00","07","19","55","275","9"
"U. S. Representative -- 4th Congressional District","Claiborne","00","08","6","46","52","12"
"U. S. Representative -- 4th Congressional District","Claiborne","00","10","2","36","13","4"
"U. S. Representative -- 4th Congressional District","Claiborne","00","11","9","15","49","5"
"U. S. Representative -- 4th Congressional District","Claiborne","00","21","2","1","24","0"
"U. S. Representative -- 4th Congressional District","Claiborne","00","31","12","56","159","8"
"U. S. Representative -- 4th Congressional District","Claiborne","00","34","8","59","30","12"
"U. S. Representative -- 4th Congressional District","Claiborne","00","35","0","2","14","1"
"U. S. Representative -- 4th Congressional District","Claiborne","00","36","2","68","44","10"
"U. S. Representative -- 4th Congressional District","Claiborne","00","37","0","1","1","3"
"U. S. Representative -- 4th Congressional District","Claiborne","00","41","6","6","74","2"
"U. S. Representative -- 4th Congressional District","Claiborne","00","42","10","2","99","3"
"U. S. Representative -- 4th Congressional District","Claiborne","00","51","6","24","61","3"
"U. S. Representative -- 4th Congressional District","Claiborne","00","81","2","13","43","3"
"U. S. Representative -- 4th Congressional District","Claiborne","00","84","6","24","26","6"
"U. S. Representative -- 4th Congressional District","Claiborne","00","85","0","22","13","5"
"U. S. Representative -- 4th Congressional District","Claiborne","00","87","6","38","24","9"
"U. S. Representative -- 4th Congressional District","Claiborne","00","88","8","14","49","9"
"U. S. Representative -- 4th Congressional District","Claiborne","00","91","9","4","27","0"
"U. S. Representative -- 4th Congressional District","Claiborne","00","92","8","6","76","3"
"U. S. Representative -- 4th Congressional District","Claiborne","00","93","1","45","25","7"
"U. S. Representative -- 4th Congressional District","Claiborne","00","96","1","12","3","0"
"U. S. Representative -- 4th Congressional District","Claiborne","Early Voting","","117","1021","2029","281"
"U. S. Representative -- 4th Congressional District","Claiborne","Provisional Votes","","0","0","0","0"
"U. S. Representative -- 4th Congressional District","De Soto","00","01","2","47","12","3"
"U. S. Representative -- 4th Congressional District","De Soto","00","04","2","48","6","12"
"U. S. Representative -- 4th Congressional District","De Soto","00","05","14","79","31","7"
"U. S. Representative -- 4th Congressional District","De Soto","00","06","4","67","6","2"
"U. S. Representative -- 4th Congressional District","De Soto","00","09","3","39","19","2"
"U. S. Representative -- 4th Congressional District","De Soto","00","10","31","135","263","20"
"U. S. Representative -- 4th Congressional District","De Soto","00","11","10","19","186","3"
"U. S. Representative -- 4th Congressional District","De Soto","00","15","3","9","5","3"
"U. S. Representative -- 4th Congressional District","De Soto","00","16","27","25","391","12"
"U. S. Representative -- 4th Congressional District","De Soto","00","21","17","32","172","7"
"U. S. Representative -- 4th Congressional District","De Soto","00","22","16","12","263","8"
"U. S. Representative -- 4th Congressional District","De Soto","00","23","29","28","340","10"
"U. S. Representative -- 4th Congressional District","De Soto","00","26","1","7","16","1"
"U. S. Representative -- 4th Congressional District","De Soto","00","28","4","9","113","4"
"U. S. Representative -- 4th Congressional District","De Soto","00","29","3","10","14","0"
"U. S. Representative -- 4th Congressional District","De Soto","00","30","14","21","174","5"
"U. S. Representative -- 4th Congressional District","De Soto","00","31","5","32","35","8"
"U. S. Representative -- 4th Congressional District","De Soto","00","32","7","42","59","14"
"U. S. Representative -- 4th Congressional District","De Soto","00","33","33","94","211","22"
"U. S. Representative -- 4th Congressional District","De Soto","00","34","14","60","53","6"
"U. S. Representative -- 4th Congressional District","De Soto","00","35","12","22","185","10"
"U. S. Representative -- 4th Congressional District","De Soto","00","37","8","39","133","8"
"U. S. Representative -- 4th Congressional District","De Soto","00","38","4","23","49","3"
"U. S. Representative -- 4th Congressional District","De Soto","00","39","4","53","79","7"
"U. S. Representative -- 4th Congressional District","De Soto","00","42","0","17","18","0"
"U. S. Representative -- 4th Congressional District","De Soto","00","44","2","85","28","8"
"U. S. Representative -- 4th Congressional District","De Soto","00","46","19","21","284","7"
"U. S. Representative -- 4th Congressional District","De Soto","00","48","4","20","53","1"
"U. S. Representative -- 4th Congressional District","De Soto","00","49","26","24","111","3"
"U. S. Representative -- 4th Congressional District","De Soto","00","51","8","3","97","3"
"U. S. Representative -- 4th Congressional District","De Soto","00","53","8","11","77","2"
"U. S. Representative -- 4th Congressional District","De Soto","00","55","5","41","75","6"
"U. S. Representative -- 4th Congressional District","De Soto","00","56","8","35","88","8"
"U. S. Representative -- 4th Congressional District","De Soto","00","59","6","76","20","1"
"U. S. Representative -- 4th Congressional District","De Soto","00","60","6","57","15","4"
"U. S. Representative -- 4th Congressional District","De Soto","00","61","3","15","4","1"
"U. S. Representative -- 4th Congressional District","De Soto","00","63","9","91","21","11"
"U. S. Representative -- 4th Congressional District","De Soto","Early Voting","","306","2564","4885","447"
"U. S. Representative -- 4th Congressional District","De Soto","Provisional Votes","","0","11","1","0"
"U. S. Representative -- 4th Congressional District","Evangeline","01","1010","10","80","41","13"
"U. S. Representative -- 4th Congressional District","Evangeline","01","1020","7","8","123","3"
"U. S. Representative -- 4th Congressional District","Evangeline","01","1030","12","15","220","4"
"U. S. Representative -- 4th Congressional District","Evangeline","01","1031","19","49","100","19"
"U. S. Representative -- 4th Congressional District","Evangeline","01","1040","8","26","61","11"
"U. S. Representative -- 4th Congressional District","Evangeline","01","1041","32","23","233","11"
"U. S. Representative -- 4th Congressional District","Evangeline","01","1050","6","15","60","6"
"U. S. Representative -- 4th Congressional District","Evangeline","01","1060","7","6","87","2"
"U. S. Representative -- 4th Congressional District","Evangeline","01","1080","4","45","25","15"
"U. S. Representative -- 4th Congressional District","Evangeline","01","1081","6","36","10","6"
"U. S. Representative -- 4th Congressional District","Evangeline","01","1090","5","29","17","3"
"U. S. Representative -- 4th Congressional District","Evangeline","01","1091","9","31","49","5"
"U. S. Representative -- 4th Congressional District","Evangeline","01","1100","7","13","37","5"
"U. S. Representative -- 4th Congressional District","Evangeline","01","1101","13","31","82","9"
"U. S. Representative -- 4th Congressional District","Evangeline","01","1110","20","148","19","28"
"U. S. Representative -- 4th Congressional District","Evangeline","01","1120","9","71","19","14"
"U. S. Representative -- 4th Congressional District","Evangeline","01","1130","21","11","243","4"
"U. S. Representative -- 4th Congressional District","Evangeline","01","1140","25","9","191","4"
"U. S. Representative -- 4th Congressional District","Evangeline","01","1150","16","15","215","5"
"U. S. Representative -- 4th Congressional District","Evangeline","01","1160","8","93","12","12"
"U. S. Representative -- 4th Congressional District","Evangeline","01","1161","1","1","29","0"
"U. S. Representative -- 4th Congressional District","Evangeline","01","1162","3","27","24","5"
"U. S. Representative -- 4th Congressional District","Evangeline","01","1170","7","53","19","16"
"U. S. Representative -- 4th Congressional District","Evangeline","01","1171","2","8","69","2"
"U. S. Representative -- 4th Congressional District","Evangeline","02","2010","32","10","297","4"
"U. S. Representative -- 4th Congressional District","Evangeline","02","2010A","2","2","51","0"
"U. S. Representative -- 4th Congressional District","Evangeline","02","2020","18","24","172","14"
"U. S. Representative -- 4th Congressional District","Evangeline","02","2030","19","13","236","5"
"U. S. Representative -- 4th Congressional District","Evangeline","02","2040","25","70","190","14"
"U. S. Representative -- 4th Congressional District","Evangeline","03","3010","27","23","234","4"
"U. S. Representative -- 4th Congressional District","Evangeline","03","3020","19","50","90","17"
"U. S. Representative -- 4th Congressional District","Evangeline","03","3030","40","82","175","14"
"U. S. Representative -- 4th Congressional District","Evangeline","03","3031","16","19","86","7"
"U. S. Representative -- 4th Congressional District","Evangeline","03","3032","5","17","62","5"
"U. S. Representative -- 4th Congressional District","Evangeline","03","3040","25","40","346","13"
"U. S. Representative -- 4th Congressional District","Evangeline","03","3050","15","10","243","5"
"U. S. Representative -- 4th Congressional District","Evangeline","03","3051","4","1","34","1"
"U. S. Representative -- 4th Congressional District","Evangeline","03","3052","1","0","11","0"
"U. S. Representative -- 4th Congressional District","Evangeline","03","3060","12","87","35","17"
"U. S. Representative -- 4th Congressional District","Evangeline","03","3070","16","12","148","3"
"U. S. Representative -- 4th Congressional District","Evangeline","03","3071","1","0","16","0"
"U. S. Representative -- 4th Congressional District","Evangeline","04","4001","20","11","289","9"
"U. S. Representative -- 4th Congressional District","Evangeline","04","4010","8","2","178","2"
"U. S. Representative -- 4th Congressional District","Evangeline","04","4011","8","2","63","2"
"U. S. Representative -- 4th Congressional District","Evangeline","04","4012","1","1","39","0"
"U. S. Representative -- 4th Congressional District","Evangeline","04","4020","5","2","117","1"
"U. S. Representative -- 4th Congressional District","Evangeline","04","4021","1","0","4","0"
"U. S. Representative -- 4th Congressional District","Evangeline","04","4030","20","23","307","8"
"U. S. Representative -- 4th Congressional District","Evangeline","04","4040","2","4","64","2"
"U. S. Representative -- 4th Congressional District","Evangeline","05","5004","6","4","143","2"
"U. S. Representative -- 4th Congressional District","Evangeline","05","5010","16","26","145","13"
"U. S. Representative -- 4th Congressional District","Evangeline","05","5020","18","17","117","4"
"U. S. Representative -- 4th Congressional District","Evangeline","05","5030","24","5","143","3"
"U. S. Representative -- 4th Congressional District","Evangeline","05","5040","18","5","257","4"
"U. S. Representative -- 4th Congressional District","Evangeline","05","5041","16","11","198","5"
"U. S. Representative -- 4th Congressional District","Evangeline","05","5050","9","1","63","1"
"U. S. Representative -- 4th Congressional District","Evangeline","Early Voting","","273","1007","2996","289"
"U. S. Representative -- 4th Congressional District","Evangeline","Provisional Votes","","0","0","0","0"
"U. S. Representative -- 4th Congressional District","Natchitoches","01","01","9","110","37","14"
"U. S. Representative -- 4th Congressional District","Natchitoches","01","01A","17","24","52","3"
"U. S. Representative -- 4th Congressional District","Natchitoches","01","02","36","130","214","36"
"U. S. Representative -- 4th Congressional District","Natchitoches","01","03","12","129","69","28"
"U. S. Representative -- 4th Congressional District","Natchitoches","01","03A","0","4","15","2"
"U. S. Representative -- 4th Congressional District","Natchitoches","01","04","21","257","56","44"
"U. S. Representative -- 4th Congressional District","Natchitoches","01","04A","2","5","7","6"
"U. S. Representative -- 4th Congressional District","Natchitoches","01","05","4","59","4","8"
"U. S. Representative -- 4th Congressional District","Natchitoches","01","05A","3","60","8","21"
"U. S. Representative -- 4th Congressional District","Natchitoches","01","06","5","68","79","19"
"U. S. Representative -- 4th Congressional District","Natchitoches","01","07","27","53","189","23"
"U. S. Representative -- 4th Congressional District","Natchitoches","01","08","13","148","23","19"
"U. S. Representative -- 4th Congressional District","Natchitoches","01","09","14","17","150","10"
"U. S. Representative -- 4th Congressional District","Natchitoches","01","09A","14","23","112","4"
"U. S. Representative -- 4th Congressional District","Natchitoches","01","10","30","26","262","15"
"U. S. Representative -- 4th Congressional District","Natchitoches","01","10A","14","11","95","8"
"U. S. Representative -- 4th Congressional District","Natchitoches","01","10B","16","11","153","11"
"U. S. Representative -- 4th Congressional District","Natchitoches","01","11","30","156","256","36"
"U. S. Representative -- 4th Congressional District","Natchitoches","01","12","18","30","183","15"
"U. S. Representative -- 4th Congressional District","Natchitoches","01","13","7","145","19","20"
"U. S. Representative -- 4th Congressional District","Natchitoches","01","14","9","76","20","14"
"U. S. Representative -- 4th Congressional District","Natchitoches","02","01","7","6","91","1"
"U. S. Representative -- 4th Congressional District","Natchitoches","02","02","7","7","68","0"
"U. S. Representative -- 4th Congressional District","Natchitoches","02","03","16","2","150","4"
"U. S. Representative -- 4th Congressional District","Natchitoches","02","04","9","13","136","4"
"U. S. Representative -- 4th Congressional District","Natchitoches","02","05","7","12","153","7"
"U. S. Representative -- 4th Congressional District","Natchitoches","02","06","33","14","163","7"
"U. S. Representative -- 4th Congressional District","Natchitoches","02","07","6","91","21","9"
"U. S. Representative -- 4th Congressional District","Natchitoches","02","07A","0","8","11","0"
"U. S. Representative -- 4th Congressional District","Natchitoches","02","08","8","169","43","16"
"U. S. Representative -- 4th Congressional District","Natchitoches","02","09","29","16","323","8"
"U. S. Representative -- 4th Congressional District","Natchitoches","03","01","29","11","250","3"
"U. S. Representative -- 4th Congressional District","Natchitoches","03","02","13","8","100","2"
"U. S. Representative -- 4th Congressional District","Natchitoches","03","03","7","1","55","2"
"U. S. Representative -- 4th Congressional District","Natchitoches","03","04","5","17","77","5"
"U. S. Representative -- 4th Congressional District","Natchitoches","03","05","34","7","208","4"
"U. S. Representative -- 4th Congressional District","Natchitoches","03","06","36","5","208","6"
"U. S. Representative -- 4th Congressional District","Natchitoches","03","07","1","11","13","4"
"U. S. Representative -- 4th Congressional District","Natchitoches","03","08","25","35","170","4"
"U. S. Representative -- 4th Congressional District","Natchitoches","03","09","4","1","42","0"
"U. S. Representative -- 4th Congressional District","Natchitoches","03","10","7","3","40","1"
"U. S. Representative -- 4th Congressional District","Natchitoches","04","01","17","34","75","14"
"U. S. Representative -- 4th Congressional District","Natchitoches","04","02","3","115","16","6"
"U. S. Representative -- 4th Congressional District","Natchitoches","04","03","3","22","81","8"
"U. S. Representative -- 4th Congressional District","Natchitoches","04","04","13","60","134","29"
"U. S. Representative -- 4th Congressional District","Natchitoches","04","05","13","5","90","1"
"U. S. Representative -- 4th Congressional District","Natchitoches","04","06","20","6","107","4"
"U. S. Representative -- 4th Congressional District","Natchitoches","04","07","8","0","40","1"
"U. S. Representative -- 4th Congressional District","Natchitoches","04","08","11","10","94","2"
"U. S. Representative -- 4th Congressional District","Natchitoches","04","09","25","72","168","28"
"U. S. Representative -- 4th Congressional District","Natchitoches","Early Voting","","372","2558","3400","555"
"U. S. Representative -- 4th Congressional District","Natchitoches","Provisional Votes","","0","0","0","0"
"U. S. Representative -- 4th Congressional District","Red River","01","01","30","22","174","5"
"U. S. Representative -- 4th Congressional District","Red River","01","02","18","4","98","2"
"U. S. Representative -- 4th Congressional District","Red River","02","01","9","7","168","3"
"U. S. Representative -- 4th Congressional District","Red River","02","03","15","0","193","0"
"U. S. Representative -- 4th Congressional District","Red River","03","01","9","11","130","5"
"U. S. Representative -- 4th Congressional District","Red River","03","02","5","7","124","1"
"U. S. Representative -- 4th Congressional District","Red River","03","03","12","16","65","1"
"U. S. Representative -- 4th Congressional District","Red River","04","01","3","45","43","11"
"U. S. Representative -- 4th Congressional District","Red River","04","02","5","29","50","4"
"U. S. Representative -- 4th Congressional District","Red River","04","03","3","58","13","8"
"U. S. Representative -- 4th Congressional District","Red River","04","05","4","9","2","1"
"U. S. Representative -- 4th Congressional District","Red River","05","01","6","30","30","10"
"U. S. Representative -- 4th Congressional District","Red River","05","02","6","63","25","9"
"U. S. Representative -- 4th Congressional District","Red River","06","01","5","74","10","13"
"U. S. Representative -- 4th Congressional District","Red River","06","02","6","55","16","6"
"U. S. Representative -- 4th Congressional District","Red River","07","01","2","8","41","3"
"U. S. Representative -- 4th Congressional District","Red River","07","02","3","9","47","3"
"U. S. Representative -- 4th Congressional District","Red River","07","03","6","49","56","4"
"U. S. Representative -- 4th Congressional District","Red River","Early Voting","","67","634","958","136"
"U. S. Representative -- 4th Congressional District","Red River","Provisional Votes","","0","0","0","0"
"U. S. Representative -- 4th Congressional District","Sabine","00","1-1","20","2","214","2"
"U. S. Representative -- 4th Congressional District","Sabine","00","1-2","12","15","193","5"
"U. S. Representative -- 4th Congressional District","Sabine","00","1-3","12","30","124","7"
"U. S. Representative -- 4th Congressional District","Sabine","00","2-1","37","11","224","5"
"U. S. Representative -- 4th Congressional District","Sabine","00","2-2","0","4","60","6"
"U. S. Representative -- 4th Congressional District","Sabine","00","2-2A","17","7","104","0"
"U. S. Representative -- 4th Congressional District","Sabine","00","2-3","5","2","43","2"
"U. S. Representative -- 4th Congressional District","Sabine","00","2-4","4","13","56","5"
"U. S. Representative -- 4th Congressional District","Sabine","00","2-4A","3","5","56","2"
"U. S. Representative -- 4th Congressional District","Sabine","00","2-5","3","13","102","1"
"U. S. Representative -- 4th Congressional District","Sabine","00","2-6","28","9","243","7"
"U. S. Representative -- 4th Congressional District","Sabine","00","2-6A","21","10","195","0"
"U. S. Representative -- 4th Congressional District","Sabine","00","3-2","30","4","237","2"
"U. S. Representative -- 4th Congressional District","Sabine","00","3-4","9","2","77","1"
"U. S. Representative -- 4th Congressional District","Sabine","00","3-6","11","3","91","3"
"U. S. Representative -- 4th Congressional District","Sabine","00","3-6A","2","2","9","2"
"U. S. Representative -- 4th Congressional District","Sabine","00","3-7","6","1","59","1"
"U. S. Representative -- 4th Congressional District","Sabine","00","3-7B","2","1","7","0"
"U. S. Representative -- 4th Congressional District","Sabine","00","4-1","14","184","78","38"
"U. S. Representative -- 4th Congressional District","Sabine","00","5-3","7","21","90","5"
"U. S. Representative -- 4th Congressional District","Sabine","00","5-5","16","18","100","3"
"U. S. Representative -- 4th Congressional District","Sabine","00","5-8","4","21","75","7"
"U. S. Representative -- 4th Congressional District","Sabine","00","5-8A","5","11","92","3"
"U. S. Representative -- 4th Congressional District","Sabine","00","6-2","47","18","361","8"
"U. S. Representative -- 4th Congressional District","Sabine","00","6-3","32","6","206","9"
"U. S. Representative -- 4th Congressional District","Sabine","00","6-4","8","4","37","2"
"U. S. Representative -- 4th Congressional District","Sabine","00","6-4A","3","0","57","4"
"U. S. Representative -- 4th Congressional District","Sabine","00","6-4B","2","0","21","0"
"U. S. Representative -- 4th Congressional District","Sabine","00","7-1","15","6","121","4"
"U. S. Representative -- 4th Congressional District","Sabine","00","7-2","22","5","188","4"
"U. S. Representative -- 4th Congressional District","Sabine","00","7-3","23","4","164","1"
"U. S. Representative -- 4th Congressional District","Sabine","00","7-4","11","5","131","4"
"U. S. Representative -- 4th Congressional District","Sabine","00","7-5","10","1","188","7"
"U. S. Representative -- 4th Congressional District","Sabine","00","8-1","10","10","172","12"
"U. S. Representative -- 4th Congressional District","Sabine","00","8-1A","2","0","4","1"
"U. S. Representative -- 4th Congressional District","Sabine","00","8-2","24","112","143","18"
"U. S. Representative -- 4th Congressional District","Sabine","00","9-1","22","97","89","14"
"U. S. Representative -- 4th Congressional District","Sabine","00","9-2","10","12","169","4"
"U. S. Representative -- 4th Congressional District","Sabine","00","9-3","17","18","178","9"
"U. S. Representative -- 4th Congressional District","Sabine","Early Voting","","275","354","2776","163"
"U. S. Representative -- 4th Congressional District","Sabine","Provisional Votes","","0","0","0","0"
"U. S. Representative -- 4th Congressional District","St. Landry","01","02","23","105","63","29"
"U. S. Representative -- 4th Congressional District","St. Landry","01","02A","13","117","60","21"
"U. S. Representative -- 4th Congressional District","St. Landry","01","03","48","68","169","18"
"U. S. Representative -- 4th Congressional District","St. Landry","01","03A","36","124","239","26"
"U. S. Representative -- 4th Congressional District","St. Landry","01","05","15","62","112","15"
"U. S. Representative -- 4th Congressional District","St. Landry","01","14","13","85","76","32"
"U. S. Representative -- 4th Congressional District","St. Landry","01","19","22","44","115","20"
"U. S. Representative -- 4th Congressional District","St. Landry","01","23","47","137","206","35"
"U. S. Representative -- 4th Congressional District","St. Landry","01","24","23","60","154","10"
"U. S. Representative -- 4th Congressional District","St. Landry","02","01","24","187","82","45"
"U. S. Representative -- 4th Congressional District","St. Landry","02","03","91","52","334","18"
"U. S. Representative -- 4th Congressional District","St. Landry","02","04 Y","51","162","169","31"
"U. S. Representative -- 4th Congressional District","St. Landry","02","04 Z","54","150","220","30"
"U. S. Representative -- 4th Congressional District","St. Landry","02","05","32","27","116","12"
"U. S. Representative -- 4th Congressional District","St. Landry","02","05A","38","29","150","13"
"U. S. Representative -- 4th Congressional District","St. Landry","02","05B","33","16","147","8"
"U. S. Representative -- 4th Congressional District","St. Landry","02","07","17","12","49","1"
"U. S. Representative -- 4th Congressional District","St. Landry","02","09","32","40","132","5"
"U. S. Representative -- 4th Congressional District","St. Landry","03","02","56","56","180","15"
"U. S. Representative -- 4th Congressional District","St. Landry","03","02A","49","46","155","12"
"U. S. Representative -- 4th Congressional District","St. Landry","04","08","10","40","35","8"
"U. S. Representative -- 4th Congressional District","St. Landry","05","02","57","32","472","11"
"U. S. Representative -- 4th Congressional District","St. Landry","05","03","34","210","130","57"
"U. S. Representative -- 4th Congressional District","St. Landry","05","04","4","6","95","2"
"U. S. Representative -- 4th Congressional District","St. Landry","05","05","26","84","175","50"
"U. S. Representative -- 4th Congressional District","St. Landry","05","06","32","60","250","11"
"U. S. Representative -- 4th Congressional District","St. Landry","05","08","20","29","161","10"
"U. S. Representative -- 4th Congressional District","St. Landry","06","01","21","67","133","18"
"U. S. Representative -- 4th Congressional District","St. Landry","06","01A","15","23","194","2"
"U. S. Representative -- 4th Congressional District","St. Landry","06","02","19","34","206","16"
"U. S. Representative -- 4th Congressional District","St. Landry","06","03","28","94","163","27"
"U. S. Representative -- 4th Congressional District","St. Landry","06","03A","17","38","94","9"
"U. S. Representative -- 4th Congressional District","St. Landry","06","04","74","114","393","35"
"U. S. Representative -- 4th Congressional District","St. Landry","06","05","3","4","23","3"
"U. S. Representative -- 4th Congressional District","St. Landry","06","05A","1","9","4","2"
"U. S. Representative -- 4th Congressional District","St. Landry","06","05B","3","8","8","1"
"U. S. Representative -- 4th Congressional District","St. Landry","06","06","18","48","89","11"
"U. S. Representative -- 4th Congressional District","St. Landry","06","07","37","27","359","9"
"U. S. Representative -- 4th Congressional District","St. Landry","06","08","17","32","116","9"
"U. S. Representative -- 4th Congressional District","St. Landry","06","09","24","36","96","10"
"U. S. Representative -- 4th Congressional District","St. Landry","06","10","8","74","57","8"
"U. S. Representative -- 4th Congressional District","St. Landry","06","11","16","50","98","9"
"U. S. Representative -- 4th Congressional District","St. Landry","06","11A","7","61","54","8"
"U. S. Representative -- 4th Congressional District","St. Landry","06","11B","7","34","88","5"
"U. S. Representative -- 4th Congressional District","St. Landry","06","13","11","10","136","1"
"U. S. Representative -- 4th Congressional District","St. Landry","06","14","26","32","195","7"
"U. S. Representative -- 4th Congressional District","St. Landry","06","15","13","106","27","19"
"U. S. Representative -- 4th Congressional District","St. Landry","06","16A","26","71","53","12"
"U. S. Representative -- 4th Congressional District","St. Landry","Early Voting","","435","2399","3280","729"
"U. S. Representative -- 4th Congressional District","St. Landry","Provisional Votes","","1","0","3","1"
"U. S. Representative -- 4th Congressional District","Union","00","01","14","37","19","5"
"U. S. Representative -- 4th Congressional District","Union","00","02","22","42","99","13"
"U. S. Representative -- 4th Congressional District","Union","00","03","29","151","59","42"
"U. S. Representative -- 4th Congressional District","Union","00","04","33","55","270","12"
"U. S. Representative -- 4th Congressional District","Union","00","04A","0","3","2","3"
"U. S. Representative -- 4th Congressional District","Union","00","05","22","26","161","13"
"U. S. Representative -- 4th Congressional District","Union","00","06","34","13","219","5"
"U. S. Representative -- 4th Congressional District","Union","00","07","22","16","232","11"
"U. S. Representative -- 4th Congressional District","Union","00","08","14","12","47","1"
"U. S. Representative -- 4th Congressional District","Union","00","09","6","14","25","1"
"U. S. Representative -- 4th Congressional District","Union","00","10","13","12","81","5"
"U. S. Representative -- 4th Congressional District","Union","00","11","24","56","162","30"
"U. S. Representative -- 4th Congressional District","Union","00","12","15","76","59","14"
"U. S. Representative -- 4th Congressional District","Union","00","13","2","5","5","3"
"U. S. Representative -- 4th Congressional District","Union","00","14","6","70","26","15"
"U. S. Representative -- 4th Congressional District","Union","00","15","2","9","43","3"
"U. S. Representative -- 4th Congressional District","Union","00","16","36","33","163","4"
"U. S. Representative -- 4th Congressional District","Union","00","17","38","5","177","7"
"U. S. Representative -- 4th Congressional District","Union","00","17A","4","5","43","0"
"U. S. Representative -- 4th Congressional District","Union","00","18","43","12","286","5"
"U. S. Representative -- 4th Congressional District","Union","00","19","45","11","221","7"
"U. S. Representative -- 4th Congressional District","Union","00","20","37","9","226","5"
"U. S. Representative -- 4th Congressional District","Union","00","22","20","8","216","5"
"U. S. Representative -- 4th Congressional District","Union","00","23","35","7","267","5"
"U. S. Representative -- 4th Congressional District","Union","00","24","25","48","195","11"
"U. S. Representative -- 4th Congressional District","Union","00","26","13","63","101","9"
"U. S. Representative -- 4th Congressional District","Union","00","27","19","6","202","2"
"U. S. Representative -- 4th Congressional District","Union","00","28","31","24","236","11"
"U. S. Representative -- 4th Congressional District","Union","00","29","53","12","397","11"
"U. S. Representative -- 4th Congressional District","Union","Early Voting","","350","777","2940","251"
"U. S. Representative -- 4th Congressional District","Union","Provisional Votes","","0","0","1","0"
"U. S. Representative -- 4th Congressional District","Vernon","01","01","25","41","157","6"
"U. S. Representative -- 4th Congressional District","Vernon","01","01B","0","5","11","2"
"U. S. Representative -- 4th Congressional District","Vernon","01","02","12","115","33","9"
"U. S. Representative -- 4th Congressional District","Vernon","01","02A","0","0","0","0"
"U. S. Representative -- 4th Congressional District","Vernon","01","03","46","91","268","28"
"U. S. Representative -- 4th Congressional District","Vernon","01","03B","0","0","2","0"
"U. S. Representative -- 4th Congressional District","Vernon","01","03C","2","0","5","0"
"U. S. Representative -- 4th Congressional District","Vernon","01","03D","2","5","3","2"
"U. S. Representative -- 4th Congressional District","Vernon","01","04","5","13","18","3"
"U. S. Representative -- 4th Congressional District","Vernon","01","04A","2","1","8","0"
"U. S. Representative -- 4th Congressional District","Vernon","01","04B","7","12","39","3"
"U. S. Representative -- 4th Congressional District","Vernon","01","04C","0","2","3","0"
"U. S. Representative -- 4th Congressional District","Vernon","01","04D","1","0","0","0"
"U. S. Representative -- 4th Congressional District","Vernon","01","05","23","15","183","4"
"U. S. Representative -- 4th Congressional District","Vernon","01","05A","5","2","26","1"
"U. S. Representative -- 4th Congressional District","Vernon","01","06","16","44","93","12"
"U. S. Representative -- 4th Congressional District","Vernon","01","06A","2","5","10","0"
"U. S. Representative -- 4th Congressional District","Vernon","01","06B","3","19","13","2"
"U. S. Representative -- 4th Congressional District","Vernon","01","07","42","21","220","14"
"U. S. Representative -- 4th Congressional District","Vernon","01","07A","0","0","0","0"
"U. S. Representative -- 4th Congressional District","Vernon","01","07B","0","0","0","0"
"U. S. Representative -- 4th Congressional District","Vernon","01","08","17","13","75","2"
"U. S. Representative -- 4th Congressional District","Vernon","01","08A","13","25","84","10"
"U. S. Representative -- 4th Congressional District","Vernon","01","08C","0","0","1","0"
"U. S. Representative -- 4th Congressional District","Vernon","01","08E","0","0","0","0"
"U. S. Representative -- 4th Congressional District","Vernon","01","08F","0","0","0","0"
"U. S. Representative -- 4th Congressional District","Vernon","01","09","7","1","49","2"
"U. S. Representative -- 4th Congressional District","Vernon","02","01","84","22","588","9"
"U. S. Representative -- 4th Congressional District","Vernon","02","01A","9","2","75","1"
"U. S. Representative -- 4th Congressional District","Vernon","02","02","7","1","53","1"
"U. S. Representative -- 4th Congressional District","Vernon","02","02A","14","2","108","1"
"U. S. Representative -- 4th Congressional District","Vernon","02","03","40","6","300","3"
"U. S. Representative -- 4th Congressional District","Vernon","02","03A","10","1","60","0"
"U. S. Representative -- 4th Congressional District","Vernon","02","04","23","7","127","1"
"U. S. Representative -- 4th Congressional District","Vernon","02","04E","10","6","57","3"
"U. S. Representative -- 4th Congressional District","Vernon","03","01","29","2","193","6"
"U. S. Representative -- 4th Congressional District","Vernon","03","02","12","3","86","4"
"U. S. Representative -- 4th Congressional District","Vernon","03","03","8","0","63","0"
"U. S. Representative -- 4th Congressional District","Vernon","03","04","17","5","256","5"
"U. S. Representative -- 4th Congressional District","Vernon","03","05","28","2","195","1"
"U. S. Representative -- 4th Congressional District","Vernon","04","01","24","7","194","6"
"U. S. Representative -- 4th Congressional District","Vernon","04","02","6","6","91","3"
"U. S. Representative -- 4th Congressional District","Vernon","04","03","5","5","46","2"
"U. S. Representative -- 4th Congressional District","Vernon","04","03A","19","9","120","5"
"U. S. Representative -- 4th Congressional District","Vernon","04","03C","2","12","9","5"
"U. S. Representative -- 4th Congressional District","Vernon","04","03E","0","0","0","0"
"U. S. Representative -- 4th Congressional District","Vernon","04","03F","2","1","2","1"
"U. S. Representative -- 4th Congressional District","Vernon","04","03G","8","13","57","9"
"U. S. Representative -- 4th Congressional District","Vernon","04","03J","5","8","40","2"
"U. S. Representative -- 4th Congressional District","Vernon","04","03K","10","21","62","7"
"U. S. Representative -- 4th Congressional District","Vernon","04","03L","12","19","24","6"
"U. S. Representative -- 4th Congressional District","Vernon","04","03M","7","7","14","2"
"U. S. Representative -- 4th Congressional District","Vernon","04","03N","0","0","0","0"
"U. S. Representative -- 4th Congressional District","Vernon","05","01","57","14","534","10"
"U. S. Representative -- 4th Congressional District","Vernon","05","01A","4","1","41","0"
"U. S. Representative -- 4th Congressional District","Vernon","05","02","7","2","181","0"
"U. S. Representative -- 4th Congressional District","Vernon","05","02A","0","0","0","0"
"U. S. Representative -- 4th Congressional District","Vernon","06","01","7","1","63","2"
"U. S. Representative -- 4th Congressional District","Vernon","06","02","12","0","64","2"
"U. S. Representative -- 4th Congressional District","Vernon","06","03","7","0","84","0"
"U. S. Representative -- 4th Congressional District","Vernon","06","04","24","4","243","3"
"U. S. Representative -- 4th Congressional District","Vernon","07","01","35","21","297","10"
"U. S. Representative -- 4th Congressional District","Vernon","07","02","13","5","195","2"
"U. S. Representative -- 4th Congressional District","Vernon","07","02A","50","32","338","9"
"U. S. Representative -- 4th Congressional District","Vernon","07","03","6","2","104","0"
"U. S. Representative -- 4th Congressional District","Vernon","07","04","2","1","24","1"
"U. S. Representative -- 4th Congressional District","Vernon","07","04A","9","3","91","0"
"U. S. Representative -- 4th Congressional District","Vernon","07","05","31","6","315","4"
"U. S. Representative -- 4th Congressional District","Vernon","07","05A","15","16","76","2"
"U. S. Representative -- 4th Congressional District","Vernon","07","05C","11","1","74","2"
"U. S. Representative -- 4th Congressional District","Vernon","08","01","25","4","193","6"
"U. S. Representative -- 4th Congressional District","Vernon","08","02","32","11","217","4"
"U. S. Representative -- 4th Congressional District","Vernon","08","03","15","9","204","0"
"U. S. Representative -- 4th Congressional District","Vernon","Early Voting","","476","1050","4692","402"
"U. S. Representative -- 4th Congressional District","Vernon","Provisional Votes","","1","1","1","0"
"U. S. Representative -- 4th Congressional District","Webster","00","01","19","28","176","11"
"U. S. Representative -- 4th Congressional District","Webster","00","02","11","36","187","8"
"U. S. Representative -- 4th Congressional District","Webster","00","02B","0","0","8","0"
"U. S. Representative -- 4th Congressional District","Webster","00","03","7","39","38","10"
"U. S. Representative -- 4th Congressional District","Webster","00","04","1","101","10","9"
"U. S. Representative -- 4th Congressional District","Webster","00","05","5","14","92","1"
"U. S. Representative -- 4th Congressional District","Webster","00","06","18","153","78","18"
"U. S. Representative -- 4th Congressional District","Webster","00","08","12","2","215","5"
"U. S. Representative -- 4th Congressional District","Webster","00","09","27","23","358","4"
"U. S. Representative -- 4th Congressional District","Webster","00","10","3","1","60","0"
"U. S. Representative -- 4th Congressional District","Webster","00","11","44","19","424","3"
"U. S. Representative -- 4th Congressional District","Webster","00","12","13","99","162","20"
"U. S. Representative -- 4th Congressional District","Webster","00","13","6","4","80","3"
"U. S. Representative -- 4th Congressional District","Webster","00","14","10","16","139","4"
"U. S. Representative -- 4th Congressional District","Webster","00","15","9","20","171","3"
"U. S. Representative -- 4th Congressional District","Webster","00","16","27","25","325","9"
"U. S. Representative -- 4th Congressional District","Webster","00","17","10","26","163","1"
"U. S. Representative -- 4th Congressional District","Webster","00","17A","2","26","24","4"
"U. S. Representative -- 4th Congressional District","Webster","00","18","12","188","92","35"
"U. S. Representative -- 4th Congressional District","Webster","00","22","22","81","210","21"
"U. S. Representative -- 4th Congressional District","Webster","00","24","6","74","9","14"
"U. S. Representative -- 4th Congressional District","Webster","00","25","6","138","16","18"
"U. S. Representative -- 4th Congressional District","Webster","00","25A","2","21","2","0"
"U. S. Representative -- 4th Congressional District","Webster","00","26","8","64","113","8"
"U. S. Representative -- 4th Congressional District","Webster","00","27","2","91","25","10"
"U. S. Representative -- 4th Congressional District","Webster","00","28","12","33","295","16"
"U. S. Representative -- 4th Congressional District","Webster","00","29","7","9","256","7"
"U. S. Representative -- 4th Congressional District","Webster","00","31","14","22","193","5"
"U. S. Representative -- 4th Congressional District","Webster","00","32","14","34","154","18"
"U. S. Representative -- 4th Congressional District","Webster","00","33","10","35","230","4"
"U. S. Representative -- 4th Congressional District","Webster","00","34","5","48","31","16"
"U. S. Representative -- 4th Congressional District","Webster","00","35","21","67","245","16"
"U. S. Representative -- 4th Congressional District","Webster","00","36","4","3","98","1"
"U. S. Representative -- 4th Congressional District","Webster","00","38","2","6","97","4"
"U. S. Representative -- 4th Congressional District","Webster","00","39","21","96","339","19"
"U. S. Representative -- 4th Congressional District","Webster","00","40","12","22","156","11"
"U. S. Representative -- 4th Congressional District","Webster","00","41","62","46","607","18"
"U. S. Representative -- 4th Congressional District","Webster","00","42","20","22","199","13"
"U. S. Representative -- 4th Congressional District","Webster","00","43","29","75","249","14"
"U. S. Representative -- 4th Congressional District","Webster","Early Voting","","296","2344","4801","593"
"U. S. Representative -- 4th Congressional District","Webster","Provisional Votes","","1","0","0","0"